{
  "baseline": {
    "balanced_accuracy": 0.4467502724050975,
    "f1_macro": 0.4492600392963106,
    "accuracy": 0.7306720565942395,
    "f1_per_class": [
      0.8757926146960089,
      0.210762331838565,
      0.5965417867435159,
      0.12987012987012989,
      0.43333333333333335
    ],
    "confusion_matrix": [
      [
        1174,
        71,
        29,
        0,
        1
      ],
      [
        144,
        47,
        67,
        3,
        0
      ],
      [
        84,
        57,
        207,
        28,
        5
      ],
      [
        4,
        4,
        8,
        5,
        11
      ],
      [
        0,
        6,
        2,
        9,
        13
      ]
    ]
  },
  "traditional": {
    "balanced_accuracy": 0.5096788268479624,
    "f1_macro": 0.5225468321129154,
    "accuracy": 0.7700859019706923,
    "f1_per_class": [
      0.8935849056603773,
      0.25404157043879905,
      0.6921052631578949,
      0.23728813559322032,
      0.5357142857142857
    ],
    "confusion_matrix": [
      [
        1184,
        59,
        31,
        0,
        1
      ],
      [
        137,
        55,
        69,
        0,
        0
      ],
      [
        53,
        57,
        263,
        7,
        1
      ],
      [
        1,
        0,
        15,
        7,
        9
      ],
      [
        0,
        1,
        1,
        13,
        15
      ]
    ]
  },
  "ldm": {
    "balanced_accuracy": 0.45946204651649786,
    "f1_macro": 0.45522387574220496,
    "accuracy": 0.7362304194037392,
    "f1_per_class": [
      0.8625730994152045,
      0.17258883248730963,
      0.6326241134751773,
      0.20833333333333334,
      0.4
    ],
    "confusion_matrix": [
      [
        1180,
        58,
        32,
        0,
        5
      ],
      [
        168,
        34,
        57,
        0,
        2
      ],
      [
        105,
        38,
        223,
        4,
        11
      ],
      [
        5,
        3,
        7,
        5,
        12
      ],
      [
        3,
        0,
        5,
        7,
        15
      ]
    ]
  },
  "combined": {
    "balanced_accuracy": 0.5139897550838599,
    "f1_macro": 0.5140889557876257,
    "accuracy": 0.7761495704901465,
    "f1_per_class": [
      0.8915216586449463,
      0.19662921348314608,
      0.704516129032258,
      0.33333333333333326,
      0.4444444444444445
    ],
    "confusion_matrix": [
      [
        1204,
        34,
        36,
        0,
        1
      ],
      [
        154,
        35,
        72,
        0,
        0
      ],
      [
        67,
        26,
        273,
        12,
        3
      ],
      [
        1,
        0,
        11,
        12,
        8
      ],
      [
        0,
        0,
        2,
        16,
        12
      ]
    ]
  }
}