{
  "baseline": {
    "balanced_accuracy": 0.37796124225682237,
    "f1_macro": 0.4113295245748705,
    "accuracy": 0.9359513791491351,
    "f1_per_class": [
      0.9708118714741232,
      0.10344827586206896,
      0.41095890410958896,
      0.0,
      0.5714285714285715
    ],
    "confusion_matrix": [
      [
        1979,
        9,
        3,
        0,
        0
      ],
      [
        82,
        6,
        7,
        1,
        0
      ],
      [
        24,
        5,
        15,
        0,
        1
      ],
      [
        1,
        0,
        2,
        0,
        0
      ],
      [
        0,
        0,
        1,
        1,
        2
      ]
    ]
  },
  "traditional": {
    "balanced_accuracy": 0.31201001730007255,
    "f1_macro": 0.29678908441845525,
    "accuracy": 0.9317438055165965,
    "f1_per_class": [
      0.9725179499876206,
      0.10434782608695652,
      0.40707964601769914,
      0.0,
      0.0
    ],
    "confusion_matrix": [
      [
        1964,
        10,
        17,
        0,
        0
      ],
      [
        66,
        6,
        23,
        1,
        0
      ],
      [
        18,
        3,
        23,
        1,
        0
      ],
      [
        0,
        0,
        3,
        0,
        0
      ],
      [
        0,
        0,
        2,
        2,
        0
      ]
    ]
  },
  "ldm": {
    "balanced_accuracy": 0.2896078882750154,
    "f1_macro": 0.29104716870047365,
    "accuracy": 0.9228611500701263,
    "f1_per_class": [
      0.9669729327042463,
      0.15492957746478875,
      0.3333333333333333,
      0.0,
      0.0
    ],
    "confusion_matrix": [
      [
        1947,
        28,
        14,
        2,
        0
      ],
      [
        70,
        11,
        15,
        0,
        0
      ],
      [
        19,
        7,
        16,
        3,
        0
      ],
      [
        0,
        0,
        3,
        0,
        0
      ],
      [
        0,
        0,
        3,
        1,
        0
      ]
    ]
  },
  "combined": {
    "balanced_accuracy": 0.3018152519671856,
    "f1_macro": 0.2891019954206574,
    "accuracy": 0.9247311827956989,
    "f1_per_class": [
      0.9679980153807989,
      0.10909090909090909,
      0.3684210526315789,
      0.0,
      0.0
    ],
    "confusion_matrix": [
      [
        1951,
        7,
        26,
        6,
        1
      ],
      [
        70,
        6,
        17,
        3,
        0
      ],
      [
        19,
        1,
        21,
        4,
        0
      ],
      [
        0,
        0,
        3,
        0,
        0
      ],
      [
        0,
        0,
        2,
        2,
        0
      ]
    ]
  }
}