{
  "baseline": {
    "balanced_accuracy": 0.41904628403251715,
    "f1_macro": 0.4634810792831626,
    "accuracy": 0.6872586872586872,
    "f1_per_class": [
      0.8144764581869289,
      0.32642487046632124,
      0.5378486055776892,
      0.35294117647058826,
      0.2857142857142857
    ],
    "confusion_matrix": [
      [
        1159,
        236,
        48,
        0,
        0
      ],
      [
        177,
        126,
        45,
        0,
        0
      ],
      [
        66,
        61,
        135,
        1,
        0
      ],
      [
        1,
        0,
        8,
        3,
        0
      ],
      [
        0,
        1,
        3,
        1,
        1
      ]
    ]
  },
  "traditional": {
    "balanced_accuracy": 0.5228448991396415,
    "f1_macro": 0.500287532483844,
    "accuracy": 0.749034749034749,
    "f1_per_class": [
      0.8591823491239454,
      0.2574626865671642,
      0.6169354838709677,
      0.14285714285714285,
      0.625
    ],
    "confusion_matrix": [
      [
        1324,
        90,
        29,
        0,
        0
      ],
      [
        237,
        69,
        42,
        0,
        0
      ],
      [
        77,
        29,
        153,
        1,
        3
      ],
      [
        1,
        0,
        8,
        1,
        2
      ],
      [
        0,
        0,
        1,
        0,
        5
      ]
    ]
  },
  "ldm": {
    "balanced_accuracy": 0.5146249768643895,
    "f1_macro": 0.5192092489307845,
    "accuracy": 0.6843629343629344,
    "f1_per_class": [
      0.8166725538678912,
      0.3182406209573092,
      0.5217391304347825,
      0.2727272727272727,
      0.6666666666666666
    ],
    "confusion_matrix": [
      [
        1156,
        233,
        54,
        0,
        0
      ],
      [
        176,
        123,
        48,
        1,
        0
      ],
      [
        55,
        69,
        132,
        5,
        2
      ],
      [
        1,
        0,
        8,
        3,
        0
      ],
      [
        0,
        0,
        1,
        1,
        4
      ]
    ]
  },
  "combined": {
    "balanced_accuracy": 0.5514397505088471,
    "f1_macro": 0.44023145279340187,
    "accuracy": 0.7239382239382239,
    "f1_per_class": [
      0.8527027027027025,
      0.2764505119453925,
      0.5741811175337187,
      0.11320754716981131,
      0.3846153846153846
    ],
    "confusion_matrix": [
      [
        1262,
        122,
        46,
        10,
        3
      ],
      [
        202,
        81,
        58,
        6,
        1
      ],
      [
        52,
        35,
        149,
        22,
        5
      ],
      [
        1,
        0,
        2,
        3,
        6
      ],
      [
        0,
        0,
        1,
        0,
        5
      ]
    ]
  }
}